size,total_qubits,python,cpp,cpp_speedup,simd,simd_speedup,cuda,cuda_speedup
10×10,200,,0.0028603000100702047,,0.0028015999996569008,,,
50×50,5000,,0.028167000273242593,,0.031832999957259744,,,
100×100,20000,,0.08925800008000806,,0.11376800015568733,,,
200×200,80000,,0.891960000153631,,0.7940200000302866,,,
500×500,500000,,4.9535199999809265,,5.218509997939691,,,
